#{"t_start": 1752135760.0059714, "env_id": "None"}
r,l,t
1.600239,10,2.92691
1.871961,10,2.942999
1.659554,10,2.949752
1.788611,10,2.959354
1.378564,10,2.959949
2.553998,10,2.976649
1.730547,10,2.982444
1.655021,10,2.985436
1.351379,10,2.993232
1.732381,10,2.993232
1.673938,10,2.993232
1.595771,10,3.011074
1.808447,10,3.016973
2.49962,10,3.016973
1.563702,10,3.026611
0.95352,10,3.031746
1.85661,10,3.035749
1.58936,10,3.035749
2.0279,10,3.046967
1.546583,10,3.050086
1.369846,10,3.057116
1.468285,10,3.060038
1.375484,10,3.065365
1.615899,10,3.069378
1.444864,10,3.076688
0.922819,10,3.080812
1.787075,10,3.082813
1.346589,10,3.082813
1.001951,10,3.093176
1.248973,10,3.093176
1.614263,10,3.093176
1.481724,10,3.109793
2.001668,10,3.118079
1.636163,10,3.122136
1.654977,10,3.127008
2.143467,10,3.127008
1.186284,10,3.138377
1.290254,10,3.142665
1.237714,10,3.146803
1.830351,10,3.150816
2.013798,10,3.157047
1.684399,10,3.159925
2.04186,10,3.159925
2.124855,10,3.159925
2.113469,10,3.176679
1.397588,10,3.176679
1.456961,10,3.176679
2.209115,10,3.176679
1.576602,10,3.199259
1.271974,10,3.199259
1.414463,10,3.199259
1.456945,10,3.212562
1.158481,10,3.219865
1.890412,10,3.223876
1.22332,10,3.226951
1.479143,10,3.232128
2.211387,10,3.234037
1.787539,10,3.243388
1.931262,10,3.252542
2.222936,10,3.252542
0.703735,10,3.263548
1.494319,10,3.265648
2.278426,10,3.265648
1.31893,10,3.276779
2.477453,10,3.282609
1.715961,10,3.282609
1.875747,10,3.282609
1.321356,10,3.30024
1.941578,10,3.30024
1.411475,10,3.312566
1.1568,10,3.316754
1.724772,10,3.32169
1.5675,10,3.329427
2.733256,10,3.329427
1.230462,10,3.329427
1.929864,10,3.329427
1.900632,10,3.347982
1.887668,10,3.348985
1.848795,10,3.348985
1.446276,10,3.361191
2.282959,10,3.366308
1.312937,10,3.366308
1.898395,10,3.375978
1.360757,10,3.381158
1.424387,10,3.392689
1.605674,10,3.400653
1.938729,10,3.409518
1.706355,10,3.412222
2.28938,10,3.431763
2.021647,10,3.433772
1.937937,10,3.444309
1.475047,10,3.444309
1.268305,10,3.444309
2.681832,10,3.462482
1.874824,10,3.46648
1.841914,10,3.46648
1.861551,10,3.480359
2.188692,10,3.484359
0.867677,10,3.488627
1.144487,10,3.49311
1.633538,10,3.789818
1.467899,10,3.967003
0.843296,10,4.163678
1.452408,10,4.403095
1.904017,10,4.778033
1.746065,10,5.142164
1.667065,10,5.451761
1.786884,10,5.85102
2.443106,10,6.246231
2.137268,10,6.64132
2.300428,10,7.022433
1.869375,10,7.418505
1.489683,10,7.827246
1.7834,10,8.111073
2.638666,10,8.30033
0.988265,10,8.61667
1.623268,10,8.971646
1.421031,10,9.335507
1.010622,10,9.71711
2.049189,10,10.051772
1.950789,10,10.267555
1.416055,10,10.458893
1.797909,10,10.760046
1.325115,10,11.094323
1.991195,10,11.499749
0.79443,10,11.833825
2.207043,10,12.135821
2.021299,10,12.50212
1.578489,10,12.886347
1.72872,10,13.253879
2.429152,10,13.61894
1.482125,10,13.970531
2.041328,10,14.233698
1.45225,10,14.502946
1.777413,10,14.852118
1.68375,10,15.170087
2.574007,10,15.523427
1.94713,10,15.792934
2.062758,10,16.127371
1.781322,10,16.476345
1.18737,10,16.846101
1.704218,10,17.164792
1.740079,10,17.498121
1.632085,10,17.814795
1.807963,10,18.168509
1.695493,10,18.534234
1.903952,10,18.913856
1.953638,10,19.152496
1.774072,10,19.508746
1.493441,10,19.890945
2.247384,10,20.178341
1.801736,10,20.512156
2.404607,10,20.882997
2.47309,10,21.219316
1.641386,10,21.458544
1.993683,10,21.666452
1.584719,10,21.882677
1.912532,10,22.136015
0.716813,10,22.415249
1.111451,10,22.598412
2.37056,10,22.782498
2.365436,10,22.983402
1.522615,10,23.25328
1.608253,10,23.479574
1.544682,10,23.715816
1.782281,10,23.918777
1.736365,10,24.117185
2.068706,10,24.335557
0.994734,10,24.539667
1.517789,10,24.744416
1.59075,10,24.987176
1.331577,10,25.337027
2.346407,10,25.57829
2.003126,10,25.78333
2.089815,10,25.990823
1.650221,10,26.184902
1.608977,10,26.400262
3.284677,10,26.734354
1.110878,10,27.150754
1.20851,10,27.517514
1.468916,10,27.94085
1.178001,10,28.3937
1.736749,10,28.794364
2.139285,10,29.067542
1.642465,10,29.293386
1.989381,10,29.515938
1.756365,10,29.729123
2.598481,10,29.934042
1.886569,10,30.148387
2.037529,10,30.361986
2.619608,10,30.568234
1.532905,10,30.782687
1.475813,10,30.989877
1.441642,10,31.19605
1.879278,10,31.407476
1.481016,10,31.717083
1.703485,10,31.934069
1.71274,10,32.156293
1.020757,10,32.369148
1.559688,10,32.583467
1.676789,10,32.794733
1.243422,10,32.999545
1.249427,10,33.208622
1.242798,10,33.410129
1.939126,10,33.639111
1.614071,10,33.851083
2.034546,10,34.074483
1.640936,10,34.278421
1.77882,10,34.490933
2.281664,10,34.717058
2.600708,10,34.920352
1.435372,10,35.128371
1.551478,10,35.338072
1.763013,10,35.554488
2.604289,10,35.771512
2.085402,10,35.981313
1.904111,10,36.183492
1.707143,10,36.395628
2.862279,10,36.591971
1.84922,10,36.796263
1.253926,10,37.002335
1.441053,10,37.191833
0.976367,10,37.39692
1.61662,10,37.599296
2.636135,10,37.828998
1.964172,10,38.029213
1.310836,10,38.226215
2.573145,10,38.415495
1.461621,10,38.63137
1.573333,10,38.821126
0.742924,10,39.026625
2.26372,10,39.217502
2.096393,10,39.432985
2.151771,10,39.639727
2.874748,10,39.845075
1.725903,10,40.112982
1.800581,10,40.338703
2.001424,10,40.54405
2.36782,10,40.749962
2.300453,10,40.955409
1.43111,10,41.165554
1.531056,10,41.371724
1.890608,10,41.609502
1.226704,10,41.878682
1.62439,10,42.126576
1.598777,10,42.358458
1.715005,10,42.601927
2.014855,10,42.818733
1.554469,10,43.019021
1.915938,10,43.223617
1.682654,10,43.430327
2.058506,10,43.714542
1.237752,10,43.927216
2.295511,10,44.131933
1.885801,10,44.338053
1.197537,10,44.544989
1.45639,10,44.809827
2.031638,10,45.00088
2.883942,10,45.237613
1.498256,10,45.442724
2.543537,10,45.700907
1.50635,10,45.90616
1.736637,10,46.129327
1.521471,10,46.31872
1.56934,10,46.532858
1.680598,10,46.761652
1.353594,10,46.959307
1.86022,10,47.164972
2.518606,10,47.381956
2.141557,10,47.58922
1.534607,10,47.794731
2.465868,10,48.001235
1.338562,10,48.22903
2.303519,10,48.418702
1.98639,10,48.624079
1.64134,10,48.845156
1.141658,10,49.054936
1.107278,10,49.24582
2.161662,10,49.450265
1.334428,10,49.656142
2.213429,10,49.865674
1.945297,10,50.071985
1.726906,10,50.279192
1.619434,10,50.492957
1.743761,10,50.725989
2.484681,10,50.932921
1.949227,10,51.329215
1.628609,10,51.739347
1.283328,10,52.186761
1.936702,10,52.571214
1.673591,10,53.002372
2.183481,10,53.415754
1.027853,10,53.81792
2.354975,10,54.248136
1.931119,10,54.693241
2.089436,10,55.002971
2.46507,10,55.268457
2.065198,10,55.532593
2.72176,10,55.86969
2.48086,10,56.219124
1.485436,10,56.573121
2.183556,10,56.939078
1.856315,10,57.336466
1.474814,10,57.752358
1.660185,10,58.160721
2.029703,10,58.41177
1.73176,10,58.759509
1.16441,10,59.122216
1.607176,10,59.510332
1.524822,10,59.877968
1.269652,10,60.25806
1.852557,10,60.639473
1.770721,10,61.091994
1.290341,10,61.50369
1.97095,10,61.932215
1.426841,10,62.296906
1.629539,10,62.746167
1.91486,10,63.175278
2.028534,10,63.604678
2.440372,10,64.017827
2.474549,10,64.450613
1.839772,10,64.879389
1.579948,10,65.292817
2.036721,10,65.710696
1.997947,10,66.089494
1.91128,10,66.529427
2.706862,10,66.958282
1.540665,10,67.386395
1.647795,10,67.819887
2.359164,10,68.24856
1.807719,10,68.629464
1.356247,10,68.898175
1.741743,10,69.210546
1.498322,10,69.607165
1.877807,10,70.020525
2.200896,10,70.433093
1.998503,10,70.836754
1.588787,10,71.267163
1.61277,10,71.679615
1.694418,10,72.101141
1.430979,10,72.428642
2.122612,10,72.866182
2.17311,10,73.295958
1.717225,10,73.710521
1.232609,10,74.091286
2.138451,10,74.514086
1.700394,10,74.943916
1.642124,10,75.29917
1.140312,10,75.682201
1.481085,10,76.086151
1.832125,10,76.537147
1.583372,10,76.956647
2.37632,10,77.429196
1.900465,10,77.868732
2.251733,10,78.316915
2.041481,10,78.743163
2.216069,10,79.123643
1.338544,10,79.598597
1.177153,10,80.005691
2.408829,10,80.3702
1.535267,10,80.756754
2.299013,10,81.210535
2.585612,10,81.660609
2.10462,10,82.012653
1.856135,10,82.296495
2.41342,10,82.696147
1.676214,10,83.11181
1.576844,10,83.522901
1.937839,10,83.963046
1.963219,10,84.33033
1.770147,10,84.808803
1.93053,10,85.123495
1.875185,10,85.510749
1.771326,10,85.846679
1.803761,10,86.266251
2.429657,10,86.703706
1.995314,10,87.144582
2.559974,10,87.601474
1.580397,10,88.052959
2.084129,10,88.367271
2.018341,10,88.675923
1.575323,10,89.119387
1.616784,10,89.556341
1.906103,10,90.010221
2.746144,10,90.412915
1.901529,10,90.844386
2.605978,10,91.290436
2.524083,10,91.729826
1.78944,10,92.193758
1.695688,10,92.567049
1.652384,10,93.01766
2.447087,10,93.464297
1.807478,10,93.901317
2.644185,10,94.276309
2.154949,10,94.701608
2.346077,10,94.983264
1.682409,10,95.326533
1.950829,10,95.673562
2.038181,10,96.130435
2.191743,10,96.545562
1.773861,10,96.947326
2.077503,10,97.343009
1.680474,10,97.692007
2.332454,10,98.041274
1.696477,10,98.465629
1.593984,10,98.858114
2.010008,10,99.287486
2.162118,10,99.704864
2.383678,10,100.122091
1.948456,10,100.566426
1.870788,10,100.993639
1.422328,10,101.40602
2.066858,10,101.861214
2.476132,10,102.295781
2.729074,10,102.70115
1.754564,10,103.110261
1.316385,10,103.534752
1.758537,10,103.951036
2.542675,10,104.401583
2.34866,10,104.710279
1.644686,10,105.010647
1.72066,10,105.321334
2.41258,10,105.696323
3.385163,10,106.041168
2.522977,10,106.451505
2.123178,10,106.871633
1.627308,10,107.281642
0.778772,10,107.648485
2.262177,10,108.084735
1.845708,10,108.467426
1.399666,10,108.899346
1.922495,10,109.354512
1.711612,10,109.82219
1.800521,10,110.238609
1.720793,10,110.625369
1.549227,10,110.984965
2.102999,10,111.327223
1.760101,10,111.626996
2.372116,10,111.951376
2.315899,10,112.379672
2.470504,10,112.757814
2.138814,10,113.169764
2.90479,10,113.581716
2.00189,10,113.995907
1.821685,10,114.301756
1.689268,10,114.571921
2.814381,10,114.984929
2.836922,10,115.30102
1.148552,10,115.672739
1.561281,10,116.134676
2.502741,10,116.531257
1.753882,10,116.958594
3.277424,10,117.394683
1.75,10,117.760395
2.037361,10,118.19319
1.963256,10,118.410082
1.909068,10,118.738538
2.685643,10,119.156226
2.062251,10,119.573063
2.272849,10,119.944188
1.534059,10,120.377852
2.348156,10,120.790768
2.395571,10,121.219735
2.381801,10,121.562608
1.918829,10,121.858386
2.188591,10,122.268821
2.913569,10,122.697109
2.256229,10,123.124599
2.609156,10,123.551675
1.665019,10,123.957009
1.778881,10,124.393709
2.213676,10,124.800009
3.425438,10,125.101635
1.974671,10,125.56421
2.595507,10,125.971187
1.866506,10,126.399571
1.978362,10,126.792525
2.139561,10,127.216255
3.043637,10,127.630468
2.336138,10,127.995765
1.871456,10,128.304795
2.241785,10,128.738899
2.342961,10,129.145281
2.449647,10,129.573933
2.820519,10,130.023944
2.116665,10,130.469608
2.543172,10,130.918174
2.331234,10,131.255516
2.645842,10,131.637781
1.792473,10,132.033254
2.874445,10,132.462729
1.925153,10,132.858701
2.421854,10,133.274592
1.792086,10,133.6885
2.486589,10,134.085722
2.241987,10,134.449725
2.653147,10,134.851185
2.809861,10,135.212152
2.818551,10,135.673852
2.221652,10,135.993397
2.274454,10,136.276454
1.927906,10,136.540196
2.58084,10,136.835196
2.124171,10,137.047825
1.705356,10,137.266064
1.912271,10,137.472861
2.526022,10,137.693962
1.806718,10,137.927523
2.041581,10,138.369768
2.493458,10,138.809904
2.856147,10,139.162952
2.277848,10,139.569467
1.561689,10,139.939802
1.722314,10,140.41685
2.220595,10,140.816738
2.157395,10,141.146032
2.59597,10,141.461566
1.348791,10,141.867844
1.62164,10,142.334416
2.163974,10,142.754929
2.576567,10,143.177956
1.868623,10,143.524944
1.760269,10,143.910121
2.253685,10,144.358126
2.754771,10,144.739693
2.200225,10,145.066038
2.360105,10,145.3871
2.18514,10,145.802727
2.43227,10,146.269214
3.452459,10,146.720715
2.574554,10,147.067661
2.555228,10,147.438761
2.57862,10,147.669399
2.692766,10,147.931238
2.772098,10,148.197804
2.238721,10,148.655876
2.209886,10,149.093987
1.623424,10,149.515503
1.782598,10,149.949492
2.498076,10,150.39589
2.069512,10,150.814677
2.148168,10,151.108109
2.570248,10,151.484895
2.469454,10,151.92771
2.69742,10,152.303005
2.092689,10,152.739527
2.7484,10,153.162739
2.08167,10,153.622119
1.738189,10,154.069629
2.598798,10,154.439645
1.993578,10,154.890286
2.581605,10,155.277877
2.465643,10,155.724508
1.897137,10,155.968737
2.510893,10,156.214748
2.09105,10,156.441285
2.796449,10,156.685422
2.485119,10,156.937592
2.561917,10,157.161682
1.864843,10,157.377336
1.121364,10,157.619971
3.076937,10,157.838646
2.193602,10,158.07693
2.79785,10,158.292778
1.664221,10,158.541634
1.840508,10,158.770875
2.140911,10,159.015042
2.277098,10,159.252095
2.43925,10,159.469918
1.792639,10,159.675153
2.51031,10,159.945899
1.445241,10,160.163853
1.694032,10,160.391676
1.939532,10,160.623335
2.154754,10,160.841081
2.068837,10,161.091987
1.883486,10,161.334912
1.809225,10,161.545714
2.779051,10,161.758008
2.996387,10,161.980957
2.228736,10,162.200436
1.741291,10,162.42145
2.209237,10,162.641482
2.561624,10,162.873566
2.417442,10,163.133575
2.707171,10,163.384221
2.403585,10,163.592734
2.75316,10,163.82164
2.276636,10,164.065002
3.201321,10,164.282558
2.726113,10,164.506127
3.282761,10,164.712829
2.734469,10,164.945075
2.498218,10,165.169792
3.327697,10,165.409
2.615173,10,165.633777
2.469118,10,165.853131
2.926313,10,166.076662
2.456748,10,166.341853
1.76234,10,166.590791
1.810126,10,166.822994
1.749253,10,167.035726
2.152574,10,167.265483
1.71557,10,167.482534
2.280923,10,167.706709
2.215288,10,167.924114
2.197251,10,168.143822
2.625985,10,168.37891
2.810898,10,168.630385
2.228205,10,168.904436
2.071958,10,169.123174
2.2689,10,169.348917
2.576218,10,169.570167
1.486333,10,169.784571
2.446134,10,170.000729
1.757931,10,170.217601
2.323381,10,170.441808
3.566986,10,170.653253
1.942836,10,170.85628
2.241735,10,171.06118
1.868963,10,171.287831
1.988184,10,171.493181
1.967403,10,171.715341
3.324353,10,171.920196
1.824625,10,172.141641
3.321265,10,172.342237
2.377914,10,172.548039
2.7283,10,172.755346
2.55232,10,172.968163
2.548253,10,173.173117
2.622854,10,173.429576
2.77692,10,173.649266
2.229502,10,173.873208
1.907082,10,174.078327
2.47381,10,174.284824
2.748377,10,174.488508
2.80368,10,174.698149
2.766763,10,174.904487
1.96051,10,175.109283
2.537289,10,175.314256
2.119582,10,175.565169
3.878685,10,175.78034
2.230566,10,176.018344
2.33949,10,176.230667
2.683551,10,176.497332
3.044457,10,176.730606
2.393891,10,176.968391
2.054079,10,177.207619
1.77133,10,177.490516
1.946285,10,177.892371
2.492474,10,178.253731
2.510773,10,178.673776
2.381389,10,179.097663
1.234057,10,179.430634
2.639031,10,179.82876
1.994768,10,180.242896
1.809162,10,180.620853
2.237025,10,181.050827
2.00131,10,181.336005
3.257672,10,181.753476
2.435458,10,182.194365
1.943122,10,182.613807
2.318546,10,183.032309
3.427114,10,183.41781
3.133716,10,183.732809
2.587436,10,184.155976
2.892459,10,184.427666
2.427017,10,184.823918
2.461028,10,185.121691
2.529996,10,185.474198
3.130168,10,185.895706
1.562815,10,186.26124
2.227498,10,186.698671
2.660896,10,187.101069
2.406434,10,187.468543
1.64879,10,187.903255
1.396391,10,188.330687
2.750786,10,188.776479
1.894575,10,189.205826
2.910953,10,189.655152
2.822809,10,190.114686
1.673579,10,190.494371
2.714501,10,190.89997
2.24712,10,191.183422
3.809334,10,191.459696
1.821268,10,191.808708
1.933203,10,192.223239
2.705999,10,192.6717
2.278508,10,193.109824
2.158102,10,193.541534
2.254335,10,193.969679
2.137346,10,194.383808
2.544964,10,194.655965
3.177481,10,194.94803
2.026285,10,195.21815
3.701533,10,195.455402
1.831363,10,195.824262
3.376313,10,196.250986
2.318482,10,196.551388
2.012081,10,196.83917
1.864031,10,197.073748
2.823793,10,197.342758
2.47812,10,197.577984
2.356157,10,197.801733
2.131183,10,198.026937
1.84976,10,198.231575
1.783824,10,198.421179
2.279271,10,198.657286
2.614384,10,198.899694
2.907586,10,199.099156
2.439435,10,199.296027
2.307708,10,199.499429
2.194738,10,199.733137
3.091482,10,199.961832
3.023759,10,200.323265
2.504818,10,200.631897
2.049308,10,200.952878
2.105216,10,201.288785
2.074925,10,201.71657
2.271746,10,202.352389
1.865868,10,202.845969
2.449457,10,203.288165
2.786928,10,203.748012
2.137622,10,204.074116
1.512502,10,204.400896
2.853681,10,204.828776
1.93847,10,205.430202
2.19767,10,205.779763
1.963129,10,206.14014
2.493685,10,206.568999
1.815328,10,207.045426
2.266239,10,207.359169
1.755706,10,207.812163
1.496467,10,208.465797
2.207041,10,208.952712
2.489712,10,209.300637
1.835625,10,209.882517
2.836511,10,210.248158
2.7383,10,210.56687
2.886894,10,210.916974
2.921061,10,211.393171
2.637869,10,211.779879
2.168997,10,212.174121
1.703643,10,212.506403
2.585939,10,213.083103
3.369486,10,213.622745
1.83883,10,213.999664
2.783654,10,214.58676
2.751322,10,215.225513
2.397756,10,215.796386
1.689582,10,216.432075
2.692192,10,216.946453
2.330407,10,217.329741
2.292093,10,217.729352
2.435898,10,218.277232
2.494625,10,218.876994
3.884334,10,219.534262
2.922738,10,219.988669
2.742022,10,220.508018
2.600104,10,220.880995
2.182946,10,221.293754
2.036326,10,221.774569
2.598747,10,222.148832
2.260516,10,222.478518
1.963038,10,222.911664
1.82125,10,223.229324
1.92887,10,223.516035
2.964181,10,223.777417
1.409204,10,224.027418
2.324387,10,224.248798
2.732895,10,224.462708
2.252381,10,224.682544
2.682424,10,224.932914
2.006549,10,225.165846
1.912776,10,225.435186
2.872749,10,225.669558
2.478179,10,226.033033
2.236613,10,226.406045
2.139591,10,226.818456
2.519278,10,227.208046
2.566126,10,227.587837
2.786561,10,228.011142
2.274384,10,228.424897
2.561039,10,228.861442
2.729346,10,229.227708
2.241478,10,229.667958
1.773491,10,230.082747
2.278323,10,230.515881
1.984639,10,230.97255
1.65061,10,231.378201
3.088125,10,231.82264
1.731453,10,232.129927
2.201261,10,232.412708
3.255374,10,232.730677
2.747257,10,233.08809
2.284319,10,233.516222
3.098495,10,233.952234
1.985166,10,234.314649
2.356878,10,234.714786
1.829724,10,235.08526
2.703291,10,235.381811
2.448591,10,235.713462
3.127011,10,236.172982
2.00047,10,236.542975
3.155185,10,236.84684
2.359306,10,237.16711
3.007663,10,237.563576
1.979735,10,237.895585
2.273581,10,238.337465
3.122267,10,238.802846
1.439049,10,239.271232
2.752445,10,239.733707
3.149369,10,240.197541
2.295584,10,240.6494
1.909,10,241.026281
1.951022,10,241.494081
2.902768,10,241.902545
1.774652,10,242.243834
3.084344,10,242.620876
3.42325,10,243.045775
2.290559,10,243.378432
3.299855,10,243.729314
2.789955,10,244.149567
2.401754,10,244.511672
3.240003,10,244.813098
2.492244,10,245.211352
2.287448,10,245.42759
2.796134,10,245.642602
2.074196,10,245.86731
2.120066,10,246.075004
2.330472,10,246.348449
1.976755,10,246.825993
2.235541,10,247.262189
2.277077,10,247.538407
3.441569,10,247.868038
2.206879,10,248.299509
1.795351,10,248.573163
1.779884,10,248.770278
2.550309,10,249.047522
2.596249,10,249.396635
2.543402,10,249.862117
2.585621,10,250.339236
2.840684,10,250.712044
2.184388,10,251.096502
1.518466,10,251.392714
2.702052,10,251.854398
2.170211,10,252.301348
1.552349,10,252.684707
2.404137,10,253.147901
2.105999,10,253.46134
2.034288,10,253.751735
2.902394,10,254.053917
2.044307,10,254.504148
1.615038,10,254.961663
2.64505,10,255.41278
1.875579,10,255.624038
2.55264,10,255.871024
2.268611,10,256.152464
1.952875,10,256.479356
2.255973,10,256.785879
2.470857,10,257.114074
2.376729,10,257.409472
2.500446,10,257.664714
2.26018,10,258.051179
2.303053,10,258.422063
2.75394,10,258.718313
2.063419,10,259.027042
2.618097,10,259.316068
3.020111,10,259.639075
2.180128,10,260.209108
1.926042,10,260.94003
2.594994,10,261.675924
1.957858,10,262.178659
1.901383,10,262.768058
2.074942,10,263.284014
2.292863,10,263.958189
2.828384,10,264.493493
1.757057,10,265.004509
2.353954,10,265.500478
2.399641,10,265.989812
2.816413,10,266.521189
4.449039,10,267.252037
2.605595,10,268.100455
3.620242,10,268.880559
2.538708,10,269.7803
2.078854,10,270.172801
2.383824,10,270.558631
2.389127,10,270.911836
2.518879,10,271.61888
2.665992,10,271.973928
2.029002,10,272.297746
3.432714,10,272.52861
2.711264,10,272.772005
2.830765,10,273.230853
2.508003,10,273.899509
2.301383,10,274.430596
2.700096,10,274.666982
3.103285,10,274.924038
2.282629,10,275.343388
2.145631,10,275.893324
3.09858,10,276.243182
2.118715,10,277.303433
2.189002,10,278.753443
2.500518,10,279.806561
2.220106,10,280.301201
2.782574,10,280.857337
2.892677,10,281.509522
1.550493,10,281.914725
2.771889,10,282.205677
2.556704,10,282.488332
2.796008,10,282.766948
2.326243,10,283.200468
1.825513,10,283.669065
1.561227,10,283.99603
2.097832,10,284.248871
2.324022,10,284.526962
3.297018,10,284.757351
2.848275,10,285.151911
2.497545,10,285.591131
2.795088,10,286.002581
2.482475,10,286.224707
1.987309,10,286.536215
2.393743,10,286.784901
3.200294,10,287.257502
2.22935,10,287.753288
3.867644,10,288.148992
2.171601,10,288.619744
2.635584,10,289.062041
2.824894,10,289.502931
3.140221,10,289.955295
2.993248,10,290.181569
2.669752,10,290.398384
2.786362,10,290.632928
2.060266,10,290.875982
2.281412,10,291.257869
3.262328,10,291.671271
2.725822,10,292.088745
2.54316,10,292.481539
3.200838,10,292.965528
2.314518,10,293.377255
2.332885,10,293.901275
2.114723,10,294.336445
3.297989,10,294.766145
2.905901,10,295.150436
2.146323,10,295.562738
3.042971,10,295.961642
1.803194,10,296.347567
2.800066,10,296.720737
3.120476,10,297.032265
2.237058,10,297.272408
2.25075,10,297.555252
2.212622,10,297.798874
3.102151,10,298.104883
3.335928,10,298.338909
2.271278,10,298.562268
2.826916,10,298.805549
2.813473,10,299.256377
2.109963,10,299.724129
2.625905,10,300.340752
2.38969,10,300.921824
2.899942,10,301.382418
2.904063,10,301.8101
2.800474,10,302.169002
2.339822,10,302.372392
2.846513,10,302.623562
1.862214,10,302.86483
2.861024,10,303.114687
3.271833,10,303.340791
3.325156,10,303.689354
2.975605,10,304.005053
2.770157,10,304.440469
2.155299,10,304.698282
2.811212,10,305.015317
2.645995,10,305.530557
2.820136,10,305.955302
2.617476,10,306.374932
2.830939,10,306.847314
3.105053,10,307.317174
2.963618,10,307.748816
1.803617,10,308.148349
2.338617,10,308.643795
2.70595,10,309.072245
1.931002,10,309.51544
2.05464,10,309.879307
3.609489,10,310.329107
2.645368,10,310.772772
2.848741,10,311.216126
2.602307,10,311.468536
2.253426,10,311.820983
2.622705,10,312.2791
2.275004,10,312.72167
1.800176,10,313.177621
1.899548,10,313.634916
3.355071,10,314.103421
2.034612,10,314.550226
2.519332,10,314.897504
1.913301,10,315.328725
2.507698,10,315.787657
2.595821,10,316.262298
2.295124,10,316.73721
2.049766,10,317.396923
2.816012,10,317.77363
2.581997,10,318.140432
2.718654,10,318.443808
2.541939,10,318.735488
2.349951,10,319.189327
1.776809,10,319.689558
3.658162,10,320.133578
2.3082,10,320.611655
2.112666,10,321.011633
2.509756,10,321.406636
2.838028,10,321.752076
2.516644,10,322.00298
2.994759,10,322.41248
1.971555,10,322.894341
3.689979,10,323.328789
2.86079,10,323.799643
2.61717,10,324.217648
2.654294,10,324.606235
3.632625,10,324.945549
1.849674,10,325.332568
2.81839,10,325.788732
2.710561,10,326.243864
2.530787,10,326.69785
2.246595,10,327.203128
2.278326,10,327.551949
2.327718,10,327.88351
2.549436,10,328.325587
3.149928,10,328.773769
2.042972,10,329.202527
2.847549,10,329.598581
2.402925,10,330.027244
2.337413,10,330.507902
2.798008,10,330.903592
2.789667,10,331.332098
2.911183,10,331.691381
2.524579,10,332.051876
2.530503,10,332.475309
2.450404,10,332.917703
3.045555,10,333.360702
3.132941,10,333.793468
2.042788,10,334.22087
2.657438,10,334.647086
2.534817,10,334.947368
3.279484,10,335.261048
3.638763,10,335.689678
2.553998,10,336.133465
2.093628,10,336.576035
2.815692,10,337.054715
3.451714,10,337.465559
2.067921,10,337.891819
2.206983,10,338.173649
2.312949,10,338.46437
2.845834,10,338.824675
2.12762,10,339.147733
2.004816,10,339.536823
2.03502,10,339.920788
2.548827,10,340.260858
3.452293,10,340.647816
2.526684,10,341.103259
2.345854,10,341.375169
2.517888,10,341.614393
4.778173,10,341.8298
2.717894,10,342.058992
2.570728,10,342.493511
2.31489,10,342.990506
2.470072,10,343.377089
2.583764,10,343.842635
3.466109,10,344.320263
3.407207,10,344.625842
2.334383,10,344.916591
2.797566,10,345.17592
2.525982,10,345.443742
2.647076,10,345.693598
2.62527,10,345.969203
3.310367,10,346.318636
2.609478,10,346.803921
3.158828,10,347.271271
3.352688,10,347.661134
2.732751,10,348.071948
2.818642,10,348.454877
3.31978,10,348.815906
2.338993,10,349.154395
2.41665,10,349.576562
2.994522,10,350.016339
2.807893,10,350.445013
3.617927,10,350.83499
2.252911,10,351.269407
2.646639,10,351.589866
3.327133,10,351.82888
2.65223,10,352.135678
2.305437,10,352.550189
1.956796,10,352.94825
2.325858,10,353.362872
2.817842,10,353.770093
2.322955,10,354.152891
2.363296,10,354.554812
2.864131,10,354.809399
2.036033,10,355.123965
2.593731,10,355.438164
2.691305,10,355.771291
2.265478,10,356.219065
2.84239,10,356.635041
2.525602,10,357.016177
2.868867,10,357.422004
2.535215,10,357.744497
2.821234,10,358.171347
2.83643,10,358.445559
2.366798,10,358.788048
2.796631,10,359.237793
2.967794,10,359.558725
3.248406,10,359.985645
2.586686,10,360.324549
2.356283,10,360.549619
2.419559,10,360.776811
3.072999,10,360.992193
2.64908,10,361.20859
2.948458,10,361.473252
3.333254,10,361.742637
2.870376,10,361.992394
2.148834,10,362.361931
2.233626,10,362.706761
2.110733,10,363.122902
2.083268,10,363.489067
2.635247,10,363.901082
3.341312,10,364.321997
2.877184,10,364.687499
2.356065,10,364.977633
3.047757,10,365.373512
2.881947,10,365.816705
3.117316,10,366.234075
2.691332,10,366.608284
2.27906,10,366.9783
2.839589,10,367.432134
2.856462,10,367.844143
2.972588,10,368.149956
3.649237,10,368.784858
2.045242,10,369.502197
2.425037,10,370.15885
2.944053,10,370.800053
3.719503,10,371.457656
2.606497,10,372.046086
2.761268,10,372.740581
3.001209,10,373.358572
2.91861,10,373.983475
2.68435,10,374.694565
3.659755,10,375.313797
1.797479,10,376.016285
2.832317,10,376.72405
2.171433,10,377.378636
3.112231,10,378.028708
2.840263,10,378.697606
2.346746,10,379.362447
3.959726,10,380.038672
2.455121,10,380.706753
3.204327,10,381.326977
3.157707,10,382.047
3.335032,10,382.816893
2.577566,10,383.547351
3.378324,10,384.203136
3.043909,10,384.902116
2.376563,10,385.632414
2.348423,10,386.332389
2.671605,10,387.01976
2.622029,10,387.741
2.894036,10,388.418272
3.166317,10,389.164305
2.981958,10,389.551115
2.543658,10,389.873234
1.888071,10,390.170557
3.879697,10,390.455022
2.868679,10,390.747871
2.090835,10,391.052671
3.61075,10,391.481172
2.371787,10,392.221361
3.403749,10,392.945301
3.491605,10,393.721426
2.082205,10,394.493179
2.385285,10,395.224739
2.849396,10,396.011823
2.565646,10,396.788241
2.751623,10,397.597727
3.14133,10,398.308582
3.153011,10,398.972523
3.281405,10,399.690508
2.3915,10,400.364348
3.450575,10,400.986945
2.687277,10,401.60026
2.966009,10,402.320166
3.534884,10,402.974908
3.069129,10,403.612496
2.457713,10,404.363364
2.386496,10,404.916132
2.897172,10,405.511471
3.357424,10,406.238596
3.647793,10,406.910376
3.363671,10,407.588767
2.840195,10,408.298933
3.58107,10,408.919183
2.350265,10,409.576525
3.448768,10,410.294769
2.810528,10,410.930958
2.983765,10,411.61746
3.208044,10,412.343737
1.849265,10,413.023968
2.806305,10,413.723656
2.360854,10,414.355181
2.341749,10,414.943685
2.609714,10,415.498368
3.165493,10,415.959532
2.852148,10,416.484876
2.863886,10,417.102744
3.353526,10,417.740434
2.631358,10,418.329483
2.830447,10,418.996623
3.667866,10,419.656641
2.832727,10,420.347852
2.115531,10,421.006866
3.211615,10,421.676158
2.359795,10,422.337757
2.35848,10,423.028713
2.847515,10,423.701106
2.451546,10,424.366556
2.168208,10,425.00231
3.658291,10,425.643939
3.46353,10,426.231027
2.602933,10,426.879886
3.091749,10,427.487902
2.679427,10,428.144265
2.748299,10,428.802823
3.059501,10,429.433429
3.385687,10,430.05391
2.415141,10,430.730351
2.926016,10,431.460412
2.072621,10,432.18794
2.888662,10,432.831792
3.196501,10,433.557027
2.404693,10,434.21688
2.273504,10,434.882403
3.36095,10,435.549797
3.204853,10,436.200567
3.097338,10,436.828564
2.412117,10,437.460158
2.783177,10,438.058279
3.971614,10,438.71457
2.690654,10,439.367631
1.833362,10,439.998878
2.87196,10,440.680226
3.454418,10,441.331562
2.52208,10,441.957738
2.555664,10,442.575487
2.918399,10,443.232093
3.285171,10,443.892577
2.455839,10,444.538677
3.215491,10,445.144161
2.921895,10,445.770407
2.70048,10,446.455599
2.865337,10,447.12074
2.53361,10,447.72194
2.674524,10,448.392591
3.133024,10,449.040888
3.371986,10,449.672843
2.414757,10,450.327417
1.890802,10,451.034407
3.656298,10,451.605906
2.888902,10,452.315337
2.909848,10,452.829689
3.695806,10,453.384242
2.35686,10,454.009176
1.836094,10,454.604647
4.002563,10,455.195741
2.357997,10,455.812305
4.459575,10,456.448425
3.192805,10,456.981755
2.858062,10,457.567889
3.050584,10,458.147212
2.159221,10,458.768084
4.262948,10,459.371422
2.903643,10,459.977837
3.219544,10,460.612149
2.688783,10,461.231699
3.000814,10,461.800788
2.696732,10,462.391528
2.691831,10,462.96826
2.732868,10,463.561301
2.070896,10,464.171535
1.847212,10,464.734908
2.369755,10,465.314769
2.793092,10,465.919637
2.610667,10,466.44067
3.393309,10,467.085108
2.87358,10,467.710796
2.344996,10,468.326522
2.640604,10,468.941332
2.265362,10,469.53611
3.146686,10,470.133925
2.722908,10,470.748418
2.605867,10,471.283766
4.020768,10,471.880089
3.851058,10,472.444746
4.177599,10,473.006156
2.323843,10,473.580643
3.344779,10,474.145773
3.05714,10,474.783111
2.39208,10,475.498072
2.600789,10,476.050817
3.379321,10,476.624554
3.333469,10,477.216637
2.56025,10,477.87973
2.29751,10,478.531235
2.162117,10,479.131927
3.314907,10,479.813332
3.529008,10,480.450092
2.854255,10,481.05752
2.366116,10,481.712016
2.592822,10,482.294404
2.925701,10,482.939315
2.562503,10,483.622736
3.459456,10,484.218892
2.895725,10,484.857171
3.872427,10,485.435636
3.376743,10,485.957403
2.179881,10,486.507935
2.602435,10,487.042798
3.666661,10,487.609208
3.033788,10,488.184064
3.441972,10,488.700681
2.971427,10,489.279205
2.672427,10,489.915745
2.828853,10,490.550874
2.6571,10,491.1115
3.642947,10,491.693876
2.669522,10,492.301193
2.886826,10,492.893194
3.394893,10,493.489165
2.856133,10,494.133283
3.476034,10,494.776725
2.235457,10,495.395333
2.662633,10,495.989107
2.478102,10,496.667663
3.348727,10,497.33501
2.303719,10,497.988001
3.213874,10,498.646618
3.219551,10,499.274703
3.487761,10,499.867289
3.349517,10,500.489228
3.169136,10,501.132676
2.868783,10,501.760732
2.680797,10,502.399295
3.12497,10,502.999493
3.949631,10,503.600454
3.691976,10,504.241295
2.176654,10,504.917625
2.870758,10,505.485139
2.54837,10,506.035074
2.197174,10,506.630656
3.821984,10,507.272202
2.915565,10,507.829427
3.380353,10,508.425691
2.171596,10,509.065618
2.387254,10,509.711883
2.866433,10,510.35923
2.707413,10,510.979987
2.486821,10,511.611909
2.575141,10,512.221599
2.318706,10,512.802783
2.799303,10,513.477217
2.227724,10,514.100321
3.411306,10,514.735782
3.318084,10,515.414147
3.080908,10,516.035747
3.356688,10,516.683338
2.543675,10,517.387251
4.161291,10,517.945927
2.533283,10,518.55947
2.746781,10,519.178288
2.346226,10,519.848789
3.407474,10,520.496561
3.984841,10,521.095617
2.849522,10,521.770577
1.844036,10,522.422858
3.900657,10,523.06228
2.528696,10,523.610965
2.097934,10,524.201098
2.57109,10,524.835521
3.573727,10,525.484369
1.617047,10,526.128204
3.108802,10,526.780688
2.641802,10,527.491775
2.547563,10,528.102606
2.609459,10,528.829488
2.428035,10,529.499638
2.419428,10,530.216469
3.630966,10,530.88102
3.34709,10,531.494026
2.874515,10,532.080015
3.383819,10,532.668723
4.0117,10,533.217902
2.377852,10,533.805031
3.368605,10,534.401673
2.044333,10,535.002319
2.096533,10,535.613773
2.700655,10,536.263538
3.36325,10,536.852764
2.667528,10,537.472313
2.822719,10,538.030882
2.957838,10,538.649558
2.378642,10,539.248741
3.211641,10,539.854152
2.261998,10,540.480963
3.408282,10,541.002084
2.926549,10,541.58108
4.18819,10,542.183512
2.924618,10,542.881501
2.465075,10,543.489681
3.383675,10,544.098253
2.780706,10,544.739838
2.695365,10,545.318059
3.706071,10,545.868397
2.552841,10,546.465335
2.447229,10,547.091036
2.17476,10,547.699622
2.848547,10,548.271052
3.242123,10,548.868714
3.705087,10,549.485146
2.883214,10,550.097627
3.393208,10,550.696122
2.194758,10,551.322883
3.216514,10,551.941772
2.914742,10,552.533793
2.576391,10,553.146914
3.712471,10,553.743921
3.304724,10,554.364691
3.179454,10,554.979464
3.487648,10,555.567347
3.716748,10,556.180785
3.337329,10,556.799709
3.506878,10,557.306038
2.295332,10,557.90592
3.241343,10,558.472028
3.098836,10,559.096882
3.035867,10,559.702249
2.635128,10,560.297853
3.09633,10,560.879075
2.416355,10,561.460625
3.732224,10,561.996106
3.7204,10,562.568669
3.529591,10,563.144117
3.027317,10,563.789204
2.647499,10,564.385022
3.706313,10,564.984066
2.744484,10,565.5863
2.932195,10,566.191611
3.179436,10,566.63657
3.202864,10,567.209258
2.548358,10,567.841786
3.204132,10,568.435645
3.198085,10,569.056526
3.1228,10,569.636598
4.735533,10,570.2529
2.897213,10,570.85298
3.712555,10,571.319063
3.709657,10,571.918417
2.4054,10,572.501006
4.035733,10,573.099269
2.449815,10,573.689321
2.915137,10,574.252052
2.622863,10,574.768568
2.71263,10,575.020778
3.176566,10,575.246454
2.899025,10,575.47279
3.674095,10,575.924083
3.676984,10,576.203335
2.875903,10,576.428086
3.534083,10,576.650645
2.898718,10,577.272271
2.67847,10,577.660512
2.839593,10,578.110703
3.964815,10,578.688117
2.186023,10,578.928718
2.926564,10,579.182104
2.832449,10,579.572797
2.500229,10,580.105904
2.922189,10,580.816571
2.924284,10,581.149471
3.235092,10,582.072458
2.546768,10,582.586122
2.643273,10,583.003012
2.659709,10,583.846611
2.862443,10,584.571147
4.009585,10,585.250053
3.230368,10,585.941936
3.417752,10,586.638862
2.044517,10,587.40892
3.057888,10,588.189465
2.341815,10,589.03849
3.376328,10,589.628943
2.619039,10,590.33954
3.190982,10,590.99188
3.230358,10,591.652235
2.352965,10,592.376571
3.22361,10,593.091716
2.592576,10,593.696223
4.726526,10,594.297038
3.204616,10,595.017791
3.088421,10,595.673182
2.341349,10,596.36198
3.482386,10,597.031202
3.739925,10,597.737362
3.359546,10,598.318877
2.871354,10,598.994889
3.081878,10,599.761231
2.85201,10,600.568452
4.740628,10,601.216749
2.831023,10,601.850163
2.439303,10,602.582713
2.538227,10,603.050734
2.032119,10,603.406079
2.724366,10,603.867605
3.459713,10,604.253161
1.912185,10,604.711332
3.015918,10,605.153759
2.449457,10,605.598601
2.408585,10,605.86701
2.339762,10,606.281399
2.73221,10,606.72104
2.636057,10,607.19174
2.824672,10,607.68136
2.67646,10,608.139075
3.13221,10,608.394553
3.300163,10,608.610999
2.254307,10,608.831166
2.61889,10,609.069663
2.255184,10,609.371885
2.365319,10,609.70205
2.262145,10,610.058818
2.441906,10,610.493848
2.001083,10,610.774436
1.930816,10,611.151608
2.868874,10,611.797469
2.37124,10,612.235707
2.49519,10,612.646452
2.062472,10,613.126273
1.959725,10,613.690704
1.989141,10,614.05837
2.512592,10,614.466719
2.881821,10,614.809594
2.316036,10,615.336123
2.512378,10,615.982106
2.500277,10,616.520484
2.278817,10,617.177325
2.316252,10,617.807973
2.851623,10,618.434182
2.504672,10,619.070328
2.625061,10,619.701402
2.499635,10,620.307734
2.546745,10,620.691436
2.153491,10,621.082705
2.270887,10,621.705915
2.183047,10,622.348474
2.052514,10,623.002604
2.263679,10,623.57013
2.31501,10,624.219031
2.290304,10,624.818894
2.302771,10,625.429656
2.943228,10,626.049143
2.387798,10,626.686311
2.338317,10,627.311202
2.212383,10,627.982346
2.232491,10,628.69422
2.361548,10,629.316757
2.445974,10,629.937181
3.017705,10,630.587674
2.65612,10,631.156779
2.732579,10,631.680358
2.404698,10,632.266769
2.333469,10,632.962473
2.595591,10,633.692194
2.257381,10,634.263012
2.50757,10,634.790156
3.14122,10,635.373277
2.345086,10,635.89958
2.904311,10,636.475652
2.369587,10,637.073217
2.641286,10,637.703787
3.215238,10,638.19087
3.043012,10,638.763468
2.654672,10,639.34276
2.538009,10,639.957139
2.126078,10,640.555244
2.471296,10,641.148382
2.852203,10,641.745383
2.223222,10,642.3483
2.451084,10,642.858781
2.864346,10,643.539773
2.635923,10,644.084722
2.555602,10,644.769343
2.466379,10,645.347817
2.321406,10,645.931209
3.173671,10,646.519815
3.647777,10,647.110491
2.688253,10,647.635501
2.857882,10,648.212707
2.379928,10,648.802804
2.640592,10,649.41218
2.416976,10,650.032633
2.855138,10,650.621026
3.315807,10,651.214133
2.667369,10,651.84141
2.310455,10,652.407636
3.051184,10,652.99665
2.683827,10,653.57763
2.939308,10,654.188204
2.959381,10,654.776583
2.179045,10,655.359889
2.28151,10,655.957126
3.275105,10,656.561078
2.312388,10,657.089574
2.81176,10,657.696062
3.142988,10,658.286677
2.815597,10,658.889642
3.078546,10,659.490771
2.811107,10,660.082129
3.239464,10,660.665291
2.345015,10,661.264863
3.287811,10,661.833088
2.698734,10,662.474332
2.199911,10,663.078904
2.721092,10,663.882327
2.335887,10,664.584177
3.474695,10,665.231617
3.525043,10,665.827914
2.869856,10,666.550626
2.653386,10,667.210243
2.69093,10,667.83507
1.955435,10,668.468326
2.521795,10,669.136343
2.851664,10,669.824118
3.150972,10,670.430106
2.409343,10,671.07546
2.835291,10,671.779726
2.201888,10,672.410617
2.912301,10,673.064509
2.414866,10,673.799128
3.004975,10,674.582594
2.942253,10,675.317191
2.698947,10,676.075638
3.499188,10,676.740485
2.468419,10,677.398724
2.991951,10,678.204246
2.714966,10,678.938511
3.267115,10,679.602461
2.387312,10,680.341075
2.924683,10,680.957151
2.693137,10,681.546422
3.088637,10,682.150202
2.922723,10,682.828677
2.830796,10,683.607178
3.352656,10,684.223483
2.667788,10,684.93075
2.742196,10,685.681834
2.874339,10,686.392918
2.804913,10,687.1184
2.693681,10,687.776488
2.406914,10,688.446604
3.00424,10,689.149389
3.190932,10,689.996708
2.089717,10,690.694572
3.19069,10,691.436189
3.007796,10,692.119388
3.138765,10,692.798485
2.591748,10,693.485544
2.66725,10,694.310891
3.006521,10,694.999635
2.911651,10,695.627632
3.999903,10,696.27629
2.651223,10,696.967329
2.863739,10,697.682261
2.957176,10,698.405686
3.303908,10,699.044244
2.509032,10,699.761531
2.71459,10,700.402815
2.93764,10,701.06561
2.351486,10,701.768267
2.508522,10,702.518896
3.164813,10,703.200179
2.700174,10,703.886237
2.324138,10,704.511694
3.096576,10,705.228765
2.661126,10,706.080065
3.014145,10,706.830404
3.091094,10,707.599305
2.793055,10,708.340134
3.030348,10,709.021617
2.528209,10,709.676831
3.904144,10,710.336332
2.821423,10,710.977341
2.185013,10,711.552459
4.022598,10,712.17632
3.529914,10,712.837186
2.433056,10,713.565063
3.954807,10,714.301602
3.069283,10,714.999479
2.200426,10,715.626954
2.407701,10,716.292407
3.982924,10,716.931648
2.500082,10,717.483424
3.448569,10,718.056238
2.873355,10,718.694537
2.844328,10,719.332917
3.882391,10,720.017025
3.304988,10,720.671235
3.465896,10,721.309224
2.681668,10,721.881238
1.95262,10,722.277414
2.988269,10,722.536704
2.732887,10,722.80365
2.223373,10,723.045328
3.209613,10,723.346726
2.981941,10,723.583529
1.819854,10,723.855352
2.87501,10,724.083077
2.655044,10,724.338706
3.907157,10,724.593874
2.72317,10,724.845174
3.117045,10,725.08781
2.723325,10,725.342173
2.560915,10,725.579304
2.825895,10,725.836677
3.127108,10,726.086514
2.501452,10,726.350924
3.378471,10,726.590436
2.835125,10,726.839467
2.779651,10,727.093497
3.043424,10,727.364924
3.400652,10,727.60114
2.870611,10,727.892047
2.749693,10,728.139367
2.876501,10,728.418757
2.514776,10,728.666649
2.931399,10,728.956628
3.269066,10,729.27517
3.024288,10,729.528203
3.833787,10,729.773171
3.449429,10,730.022357
2.481552,10,730.276597
2.814874,10,730.532094
3.358957,10,730.78473
3.17003,10,731.031918
3.162612,10,731.28188
3.381465,10,731.547799
3.321651,10,731.792491
3.007449,10,732.047624
2.472417,10,732.283206
3.058525,10,732.527915
4.501062,10,732.765195
2.520578,10,733.040978
3.245309,10,733.298312
2.564171,10,733.550683
3.094057,10,733.876548
2.282693,10,734.156946
3.248465,10,734.400959
3.587297,10,734.638154
2.736172,10,734.906314
3.250199,10,735.193246
3.514591,10,735.429944
2.861154,10,735.703546
3.080268,10,735.94574
2.711558,10,736.217535
3.041852,10,736.467277
2.77514,10,736.726027
3.198191,10,736.986054
3.092499,10,737.302661
3.242736,10,737.578065
3.181545,10,737.834734
3.315257,10,738.11706
3.710025,10,738.370357
3.390177,10,738.658371
2.076279,10,738.911422
3.044358,10,739.16423
3.567872,10,739.420296
3.645846,10,739.673262
2.787175,10,739.957854
3.259479,10,740.243854
2.919712,10,740.563369
2.889687,10,740.860262
2.899899,10,741.100854
3.145322,10,741.337661
3.45076,10,741.593495
3.32407,10,741.863083
2.633231,10,742.115423
2.754934,10,742.351769
3.203684,10,742.615682
3.162591,10,742.860469
2.734323,10,743.112812
2.473084,10,743.348897
2.780819,10,743.604753
3.208577,10,743.859307
3.553919,10,744.109823
3.834764,10,744.347151
3.341079,10,744.620164
2.403176,10,744.866493
2.408196,10,745.106092
2.497295,10,745.439018
3.050556,10,745.811991
2.8554,10,746.224093
2.168826,10,746.636353
3.298197,10,747.025846
2.897438,10,747.455368
2.088326,10,747.901893
2.925686,10,748.344984
3.032521,10,748.734347
2.769175,10,749.031865
2.513445,10,749.317283
2.718657,10,749.68002
2.96039,10,750.05275
2.895722,10,750.473665
2.898282,10,750.817732
2.292478,10,751.171203
2.853035,10,751.470497
2.557098,10,751.804395
3.331712,10,752.171669
3.364845,10,752.450049
2.547841,10,752.864628
2.499253,10,753.266591
2.554305,10,753.553749
2.302004,10,753.850162
3.051113,10,754.163334
2.719276,10,754.494482
3.224727,10,754.830492
3.649033,10,755.091951
3.104811,10,755.360398
2.76113,10,755.707685
3.393221,10,755.996764
3.359743,10,756.329517
4.14475,10,756.704536
3.325505,10,757.049495
3.272129,10,757.515235
3.128762,10,757.833421
3.967878,10,758.159029
2.802839,10,758.570888
2.546427,10,758.974751
3.689489,10,759.328056
3.69313,10,759.654034
2.568735,10,760.018152
2.91717,10,760.373926
4.171664,10,760.729085
3.668268,10,761.004486
4.142394,10,761.363743
2.29178,10,761.769555
3.18677,10,762.105955
2.597171,10,762.476577
4.470749,10,762.837371
2.778996,10,763.128207
3.236968,10,763.432189
2.783468,10,763.767047
3.220413,10,764.141551
2.713032,10,764.503479
2.279747,10,764.871192
3.01106,10,765.219671
2.727403,10,765.588286
3.342222,10,765.918798
3.041153,10,766.252972
3.426203,10,766.605987
1.936885,10,766.96638
3.824151,10,767.252432
2.118395,10,767.597754
2.883054,10,767.892594
3.479814,10,768.230668
3.062745,10,768.554304
3.026246,10,768.958782
2.617117,10,769.345438
3.032147,10,769.712656
3.313191,10,770.055148
3.06493,10,770.417986
3.009142,10,770.791748
2.558894,10,771.180147
2.99572,10,771.514974
3.199002,10,771.949362
2.713086,10,772.296673
2.409936,10,772.732137
2.709411,10,773.091281
2.966077,10,773.435989
2.881501,10,773.781075
3.052352,10,774.169996
2.669563,10,774.586509
2.54793,10,774.999469
2.958114,10,775.381937
4.07841,10,775.666816
3.089545,10,776.098715
3.082805,10,776.441134
2.35735,10,776.791825
4.049238,10,777.163609
2.923207,10,777.583926
3.168397,10,778.065838
4.472186,10,778.499882
2.855452,10,778.935719
4.764827,10,779.315192
2.955173,10,779.693319
3.072904,10,779.984082
3.455529,10,780.336132
3.961159,10,780.767449
3.854103,10,781.251142
3.030765,10,781.632223
2.816396,10,782.049507
3.222368,10,782.447839
3.260544,10,782.90987
3.047292,10,783.301251
3.363,10,783.693308
3.658401,10,784.124998
3.186089,10,784.424474
2.557608,10,784.712716
3.459689,10,785.035619
3.583394,10,785.402586
3.390855,10,785.847719
3.244061,10,786.243001
3.879829,10,786.742583
2.364164,10,787.119714
3.019398,10,787.435467
2.653089,10,787.898113
3.307195,10,788.33426
2.900365,10,788.758453
2.679263,10,789.176938
2.69517,10,789.64681
2.579088,10,790.135837
2.49455,10,790.477483
2.865988,10,790.763742
3.860631,10,791.17431
3.036985,10,791.530642
2.970621,10,791.853935
3.340733,10,792.147862
2.728162,10,792.476141
3.633162,10,792.94839
3.469932,10,793.361301
2.031929,10,793.667224
3.086726,10,794.045452
3.557991,10,794.43739
3.072809,10,794.932844
3.384746,10,795.382128
3.059049,10,795.815834
3.383647,10,796.164336
2.87229,10,796.423379
2.519115,10,796.744344
2.42866,10,797.132841
2.851758,10,797.5238
3.860688,10,797.877616
3.630688,10,798.345284
4.07752,10,798.762468
3.136184,10,799.145896
3.656153,10,799.543156
3.334871,10,799.961652
3.38166,10,800.371875
3.077813,10,800.786797
2.515463,10,801.193595
2.800137,10,801.563287
3.594782,10,801.978378
3.392611,10,802.403884
3.390969,10,802.80297
2.739789,10,803.186598
3.504275,10,803.569948
2.166085,10,803.901473
2.610285,10,804.273519
3.726088,10,804.675771
3.849296,10,805.064085
2.471303,10,805.464655
3.147135,10,805.865087
3.543788,10,806.232187
3.280471,10,806.57893
2.86215,10,806.936718
3.653556,10,807.32699
2.616772,10,807.700346
2.878629,10,808.080356
3.864574,10,808.509692
2.231732,10,808.887057
3.282705,10,809.23915
3.163911,10,809.656009
2.662621,10,809.977845
4.287259,10,810.361693
3.578535,10,810.792496
2.076706,10,811.252189
3.407615,10,811.616376
2.797524,10,812.085765
2.506358,10,812.539018
3.329425,10,812.998605
2.889039,10,813.44432
2.80541,10,813.864791
3.945107,10,814.24486
2.649641,10,814.661031
2.052002,10,815.011549
3.116711,10,815.388484
3.512409,10,815.773536
2.763024,10,816.148875
2.98338,10,816.488983
2.244842,10,816.835894
3.004278,10,817.218612
2.763226,10,817.608535
2.268637,10,818.002257
3.216709,10,818.403934
2.787577,10,818.821977
2.890575,10,819.230736
2.312091,10,819.711619
4.191712,10,820.055878
3.4915,10,820.478881
2.460101,10,820.900207
2.837641,10,821.357495
3.060575,10,821.701596
4.164834,10,822.101574
2.921867,10,822.468743
2.574223,10,822.740064
3.691851,10,823.043219
2.328313,10,823.474079
2.775648,10,823.913099
2.61599,10,824.358733
3.048775,10,824.736863
3.275666,10,825.158201
3.092484,10,825.577041
3.597361,10,825.961939
3.330703,10,826.204716
2.650159,10,826.532336
2.778271,10,826.894513
2.861454,10,827.306821
2.536132,10,827.661268
3.734405,10,828.09696
3.072832,10,828.490644
2.471964,10,828.803696
3.074094,10,829.180476
3.369344,10,829.560192
3.534949,10,829.870579
4.161875,10,830.269469
2.795756,10,830.672731
3.339458,10,831.106423
2.240393,10,831.507979
2.580005,10,831.94319
3.096347,10,832.380426
3.07486,10,832.745368
2.76293,10,833.112228
3.542361,10,833.433156
3.256081,10,833.779748
3.354781,10,834.215464
2.483407,10,834.619451
4.654636,10,835.045696
3.044029,10,835.501747
3.091162,10,835.919844
3.314884,10,836.277613
3.027496,10,836.593929
3.604725,10,836.911964
2.596314,10,837.220421
3.074183,10,837.576376
2.468282,10,837.948564
3.006056,10,838.331981
2.877202,10,838.728193
2.425629,10,839.136425
2.83955,10,839.481285
3.187641,10,839.767163
3.298238,10,840.060387
3.170272,10,840.397904
2.894288,10,840.688805
3.81453,10,840.977321
3.580504,10,841.276723
3.032809,10,841.627139
2.760765,10,841.990266
3.870859,10,842.294394
2.657836,10,842.633749
3.879679,10,842.950008
3.566428,10,843.256174
3.880209,10,843.629375
4.053553,10,843.94972
3.208097,10,844.359835
3.236586,10,844.740548
2.653038,10,845.092928
2.778125,10,845.478758
3.026363,10,845.89581
2.617937,10,846.265191
3.675124,10,846.59146
3.030973,10,847.016535
2.271953,10,847.271353
3.15735,10,847.557465
2.00586,10,847.978213
3.160948,10,848.36466
3.380708,10,848.732394
3.347413,10,849.089001
3.005376,10,849.475639
2.559729,10,849.893134
3.193549,10,850.225317
3.235097,10,850.535081
3.085959,10,850.856326
2.565501,10,851.238758
3.326071,10,851.49896
3.071659,10,851.72607
3.151533,10,851.971343
3.885557,10,852.193471
3.700342,10,852.451165
2.816574,10,852.685187
3.539159,10,852.959964
3.407183,10,853.256477
2.41189,10,853.540073
3.402556,10,853.777382
3.730529,10,854.017789
3.058506,10,854.255766
2.35533,10,854.503956
2.821005,10,854.761488
3.182132,10,855.096368
3.378012,10,855.535767
4.052421,10,856.050717
3.246862,10,856.552898
2.703435,10,857.01828
3.058815,10,857.498163
3.081888,10,858.0411
2.969687,10,858.412519
2.86397,10,858.680026
3.544408,10,858.966813
3.075503,10,859.219302
2.881878,10,859.448221
2.24888,10,859.684279
2.876617,10,859.921227
2.707474,10,860.149602
2.905106,10,860.434218
2.716323,10,860.668498
2.916998,10,860.907948
2.023097,10,861.150239
2.822399,10,861.640171
3.235555,10,862.109187
2.921766,10,862.588448
3.130094,10,863.020437
2.69311,10,863.508543
3.156553,10,863.906708
3.904166,10,864.304602
3.039058,10,864.551234
3.227106,10,864.793719
2.224619,10,865.033326
3.475432,10,865.30356
2.989952,10,865.641895
2.51877,10,865.98801
2.85588,10,866.284736
2.768435,10,866.608293
2.485616,10,866.898191
2.514294,10,867.171288
2.556277,10,867.428332
2.72209,10,867.759891
2.981324,10,868.046497
3.246242,10,868.435038
2.839287,10,868.915968
3.562496,10,869.407831
3.104063,10,869.935591
2.698187,10,870.388212
2.706409,10,870.694553
3.036295,10,870.98348
2.766296,10,871.2677
3.547095,10,871.570829
3.351841,10,871.852278
3.387604,10,872.141105
3.610128,10,872.602766
2.851426,10,873.139252
3.413849,10,873.571068
2.964584,10,874.025172
3.174302,10,874.29458
2.586758,10,874.618869
3.547244,10,875.020595
2.559694,10,875.452157
3.217793,10,875.856365
3.120509,10,876.26425
3.527703,10,876.710329
3.280045,10,877.108528
1.894318,10,877.541815
3.571933,10,877.875291
4.261398,10,878.195592
2.543671,10,878.530084
3.190727,10,878.948157
2.773954,10,879.396315
3.576323,10,879.760792
2.848677,10,880.235438
2.708156,10,880.636235
2.80744,10,880.968148
2.366145,10,881.31316
2.538477,10,881.764179
2.846489,10,882.206675
3.404562,10,882.569454
2.17668,10,882.928877
3.357199,10,883.311149
2.485023,10,883.60146
2.434844,10,883.938191
2.488062,10,884.325678
2.238265,10,884.891531
2.993549,10,885.404474
2.731946,10,885.920695
3.259774,10,886.411808
3.012924,10,886.789804
2.030869,10,887.217564
3.351759,10,887.588567
3.047339,10,887.937394
2.531551,10,888.348653
3.259248,10,888.850208
2.723663,10,889.361775
